Variable,Regular_Correlation,Partial_Correlation,Regular_P,Partial_P,Change
PnL,0.0109999321561651,0.011838357495216773,0.03723893986759205,0.024966282203154347,0.0008384253390516724
Hour,-0.007052407846178383,-0.007328254502722269,0.18169952602154968,0.1652040704527617,-0.0002758466565438867
Day_of_Week,0.029898751057954996,0.030150248283762206,1.4854794622859287e-08,1.1238636574568399e-08,0.00025149722580720957
