Variable,Correlation,P-value,Significant
Trade_Size,-0.01776778542523756,0.0007655067001526074,True
PnL,0.0109999321561651,0.03723893986759205,True
Hour,-0.007052407846178383,0.18169952602154968,False
Day_of_Week,0.029898751057954996,1.4854794622859287e-08,True
